No.,Time,Source,Destination,Protocol,Length
1,2024-08-07 10:11:01,172.16.235.54,224.0.0.22,IGMP,60
2,2024-08-07 10:11:01,172.16.214.199,224.0.0.22,IGMP,60
3,2024-08-07 10:11:01,0.0.0.0,255.255.255.255,UDP,342
4,2024-08-07 10:11:01,172.16.219.90,224.0.0.22,IGMP,60
5,2024-08-07 10:11:01,172.16.218.142,224.0.0.22,IGMP,60
6,2024-08-07 10:11:01,172.16.227.201,224.0.0.22,IGMP,60
7,2024-08-07 10:11:01,172.16.220.113,224.0.0.22,IGMP,54
8,2024-08-07 10:11:01,172.16.232.193,224.0.0.22,IGMP,60
9,2024-08-07 10:11:01,172.16.231.227,224.0.0.22,IGMP,60
10,2024-08-07 10:11:01,172.16.243.138,224.0.0.22,IGMP,60
13,2024-08-07 10:11:01,172.16.232.152,224.0.0.22,IGMP,60
14,2024-08-07 10:11:01,172.16.231.176,224.0.0.22,IGMP,60
15,2024-08-07 10:11:01,172.16.227.180,224.0.0.22,IGMP,60
16,2024-08-07 10:11:01,172.16.231.143,224.0.0.22,IGMP,60
17,2024-08-07 10:11:01,172.16.224.110,224.0.0.22,IGMP,60
18,2024-08-07 10:11:01,172.16.231.80,224.0.0.22,IGMP,60
19,2024-08-07 10:11:01,172.16.219.31,224.0.0.22,IGMP,60
20,2024-08-07 10:11:01,172.16.221.156,224.0.0.22,IGMP,60
21,2024-08-07 10:11:01,172.16.238.8,224.0.0.22,IGMP,60
22,2024-08-07 10:11:01,172.16.231.64,224.0.0.22,IGMP,60
23,2024-08-07 10:11:01,172.16.219.69,224.0.0.22,IGMP,54
24,2024-08-07 10:11:01,172.16.217.183,224.0.0.22,IGMP,60
25,2024-08-07 10:11:01,172.16.223.77,239.255.255.250,UDP,216
28,2024-08-07 10:11:01,172.16.227.204,172.16.255.255,UDP,92
30,2024-08-07 10:11:01,172.16.223.23,239.255.255.250,UDP,167
31,2024-08-07 10:11:01,172.16.223.23,239.255.255.250,UDP,217
32,2024-08-07 10:11:01,172.16.231.237,239.255.255.250,UDP,216
35,2024-08-07 10:11:01,172.16.189.207,239.255.255.250,UDP,216
59,2024-08-07 10:11:01,172.16.231.118,224.0.0.251,UDP,413
83,2024-08-07 10:11:01,172.16.216.220,224.0.0.251,UDP,427
109,2024-08-07 10:11:01,172.16.223.181,224.0.0.251,UDP,1490
110,2024-08-07 10:11:01,172.16.223.181,224.0.0.251,UDP,1328
112,2024-08-07 10:11:01,172.16.223.181,224.0.0.251,UDP,1463
113,2024-08-07 10:11:01,172.16.223.181,224.0.0.251,UDP,1099
146,2024-08-07 10:11:01,172.16.219.54,224.0.0.22,IGMP,60
157,2024-08-07 10:11:01,172.16.11.110,224.0.0.251,UDP,359
165,2024-08-07 10:11:01,172.16.230.42,224.0.0.22,IGMP,60
187,2024-08-07 10:11:01,172.16.223.181,224.0.0.251,UDP,1490
188,2024-08-07 10:11:01,172.16.223.181,224.0.0.251,UDP,1328
189,2024-08-07 10:11:01,172.16.223.181,224.0.0.251,UDP,1463
190,2024-08-07 10:11:01,172.16.223.181,224.0.0.251,UDP,1099
191,2024-08-07 10:11:01,172.16.223.181,224.0.0.251,UDP,183
202,2024-08-07 10:11:01,172.16.210.100,224.0.0.251,UDP,111
204,2024-08-07 10:11:01,172.16.215.130,224.0.0.22,IGMP,60
205,2024-08-07 10:11:01,172.16.217.104,224.0.0.22,IGMP,60
206,2024-08-07 10:11:01,172.16.230.28,224.0.0.22,IGMP,60
207,2024-08-07 10:11:01,172.16.236.195,224.0.0.22,IGMP,60
215,2024-08-07 10:11:01,172.16.11.110,224.0.0.251,UDP,359
223,2024-08-07 10:11:01,172.16.225.147,224.0.0.22,IGMP,60
228,2024-08-07 10:11:01,172.16.222.55,172.16.255.255,UDP,92
234,2024-08-07 10:11:01,172.16.216.253,239.255.255.250,UDP,216
236,2024-08-07 10:11:01,172.16.176.50,172.16.255.255,UDP,92
238,2024-08-07 10:11:01,172.16.216.253,239.255.255.250,UDP,217
246,2024-08-07 10:11:01,172.16.231.143,224.0.0.22,IGMP,60
254,2024-08-07 10:11:01,172.16.235.40,224.0.0.22,IGMP,60
255,2024-08-07 10:11:01,172.16.237.156,224.0.0.22,IGMP,60
262,2024-08-07 10:11:01,172.16.221.194,224.0.0.251,UDP,124
292,2024-08-07 10:11:01,172.16.231.143,224.0.0.22,IGMP,60
300,2024-08-07 10:11:02,172.16.234.180,224.0.0.251,UDP,96
307,2024-08-07 10:11:02,172.16.231.143,224.0.0.22,IGMP,60
308,2024-08-07 10:11:02,172.16.231.143,224.0.0.22,IGMP,60
309,2024-08-07 10:11:02,172.16.231.143,224.0.0.22,IGMP,60
310,2024-08-07 10:11:02,172.16.237.238,224.0.0.22,IGMP,60
311,2024-08-07 10:11:02,172.16.231.227,224.0.0.22,IGMP,60
312,2024-08-07 10:11:02,172.16.237.31,224.0.0.22,IGMP,60
313,2024-08-07 10:11:02,172.16.231.174,224.0.0.22,IGMP,60
315,2024-08-07 10:11:02,172.16.218.125,224.0.0.22,IGMP,60
316,2024-08-07 10:11:02,172.16.218.50,224.0.0.22,IGMP,54
321,2024-08-07 10:11:02,172.16.223.181,224.0.0.251,UDP,1490
322,2024-08-07 10:11:02,172.16.223.181,224.0.0.251,UDP,1328
323,2024-08-07 10:11:02,172.16.223.181,224.0.0.251,UDP,1463
324,2024-08-07 10:11:02,172.16.223.181,224.0.0.251,UDP,1099
325,2024-08-07 10:11:02,172.16.223.181,224.0.0.251,UDP,183
329,2024-08-07 10:11:02,172.16.228.231,224.0.0.22,IGMP,60
330,2024-08-07 10:11:02,172.16.236.210,224.0.0.22,IGMP,60
331,2024-08-07 10:11:02,172.16.212.192,224.0.0.22,IGMP,60
332,2024-08-07 10:11:02,172.16.243.138,224.0.0.22,IGMP,60
333,2024-08-07 10:11:02,172.16.222.151,224.0.0.22,IGMP,60
334,2024-08-07 10:11:02,172.16.236.114,224.0.0.22,IGMP,60
335,2024-08-07 10:11:02,172.16.226.192,224.0.0.22,IGMP,60
336,2024-08-07 10:11:02,172.16.231.176,224.0.0.22,IGMP,60
337,2024-08-07 10:11:02,172.16.238.8,224.0.0.22,IGMP,60
338,2024-08-07 10:11:02,172.16.232.152,224.0.0.22,IGMP,60
367,2024-08-07 10:11:02,172.16.11.110,224.0.0.251,UDP,359
373,2024-08-07 10:11:02,172.16.231.232,172.16.255.255,UDP,92
380,2024-08-07 10:11:02,172.16.236.119,239.255.255.250,UDP,216
382,2024-08-07 10:11:02,172.16.228.250,224.0.0.22,IGMP,60
383,2024-08-07 10:11:02,172.16.228.250,224.0.0.22,IGMP,78
384,2024-08-07 10:11:02,172.16.236.192,239.255.255.250,UDP,216
385,2024-08-07 10:11:02,172.16.210.49,239.255.255.250,UDP,216
386,2024-08-07 10:11:02,172.16.242.141,224.0.0.22,IGMP,60
388,2024-08-07 10:11:02,172.16.209.47,224.0.0.22,IGMP,60
389,2024-08-07 10:11:02,172.16.222.156,224.0.0.22,IGMP,60
390,2024-08-07 10:11:02,172.16.224.110,224.0.0.22,IGMP,60
391,2024-08-07 10:11:02,172.16.227.134,224.0.0.22,IGMP,60
392,2024-08-07 10:11:02,172.16.230.197,224.0.0.22,IGMP,60
407,2024-08-07 10:11:02,172.16.221.54,224.0.0.251,UDP,251
411,2024-08-07 10:11:02,172.16.218.176,224.0.0.22,IGMP,60
414,2024-08-07 10:11:02,172.16.242.206,224.0.0.251,UDP,184
416,2024-08-07 10:11:02,172.16.219.45,224.0.0.22,IGMP,60
417,2024-08-07 10:11:02,172.16.209.9,224.0.0.22,IGMP,60
423,2024-08-07 10:11:02,172.16.222.17,224.0.0.22,IGMP,60
428,2024-08-07 10:11:02,172.16.26.252,239.255.255.250,UDP,216
429,2024-08-07 10:11:02,172.16.230.250,239.255.255.250,UDP,216
432,2024-08-07 10:11:02,172.16.218.15,224.0.0.251,UDP,87
436,2024-08-07 10:11:02,172.16.235.29,224.0.0.22,IGMP,60
437,2024-08-07 10:11:02,172.16.237.225,224.0.0.22,IGMP,60
438,2024-08-07 10:11:02,172.16.230.31,224.0.0.22,IGMP,60
443,2024-08-07 10:11:02,172.16.237.144,224.0.0.22,IGMP,60
444,2024-08-07 10:11:02,172.16.225.147,224.0.0.22,IGMP,60
446,2024-08-07 10:11:02,172.16.225.147,224.0.0.251,UDP,152
450,2024-08-07 10:11:02,172.16.225.147,224.0.0.251,UDP,152
456,2024-08-07 10:11:02,172.16.223.181,224.0.0.251,UDP,183
459,2024-08-07 10:11:02,172.16.223.181,224.0.0.251,UDP,1490
460,2024-08-07 10:11:02,172.16.223.181,224.0.0.251,UDP,1328
462,2024-08-07 10:11:02,172.16.223.181,224.0.0.251,UDP,1463
463,2024-08-07 10:11:02,172.16.223.181,224.0.0.251,UDP,1099
465,2024-08-07 10:11:02,172.16.230.88,224.0.0.22,IGMP,60
466,2024-08-07 10:11:02,172.16.230.42,224.0.0.22,IGMP,60
467,2024-08-07 10:11:02,172.16.245.4,224.0.0.22,IGMP,60
468,2024-08-07 10:11:02,172.16.241.244,224.0.0.22,IGMP,60
469,2024-08-07 10:11:02,172.16.236.61,224.0.0.22,IGMP,60
470,2024-08-07 10:11:02,172.16.231.166,224.0.0.22,IGMP,60
471,2024-08-07 10:11:02,172.16.228.56,224.0.0.22,IGMP,60
477,2024-08-07 10:11:02,172.16.235.204,239.255.255.250,UDP,216
480,2024-08-07 10:11:02,172.16.235.204,239.255.255.250,UDP,217
481,2024-08-07 10:11:02,172.16.218.15,239.255.255.250,UDP,167
482,2024-08-07 10:11:02,172.16.31.107,239.255.255.250,UDP,216
483,2024-08-07 10:11:02,172.16.224.238,239.255.255.250,UDP,216
486,2024-08-07 10:11:02,172.16.227.204,172.16.255.255,UDP,92
487,2024-08-07 10:11:02,172.16.229.254,224.0.0.22,IGMP,60
488,2024-08-07 10:11:02,172.16.223.243,224.0.0.22,IGMP,60
489,2024-08-07 10:11:02,172.16.233.227,224.0.0.22,IGMP,60
490,2024-08-07 10:11:02,172.16.208.179,224.0.0.22,IGMP,60
491,2024-08-07 10:11:02,172.16.237.232,224.0.0.22,IGMP,60
492,2024-08-07 10:11:02,172.16.237.182,224.0.0.22,IGMP,60
493,2024-08-07 10:11:02,172.16.234.62,224.0.0.22,IGMP,60
494,2024-08-07 10:11:02,172.16.232.242,224.0.0.22,IGMP,60
495,2024-08-07 10:11:02,172.16.217.242,224.0.0.22,IGMP,60
496,2024-08-07 10:11:02,172.16.23.146,224.0.0.22,IGMP,60
497,2024-08-07 10:11:02,172.16.238.3,224.0.0.22,IGMP,60
498,2024-08-07 10:11:02,172.16.233.224,224.0.0.22,IGMP,60
499,2024-08-07 10:11:02,172.16.230.34,224.0.0.22,IGMP,60
501,2024-08-07 10:11:02,172.16.237.97,224.0.0.22,IGMP,60
526,2024-08-07 10:11:02,172.16.11.110,224.0.0.251,UDP,359
559,2024-08-07 10:11:02,172.16.22.38,224.0.0.251,UDP,362
566,2024-08-07 10:11:02,172.16.5.153,224.0.0.22,IGMP,60
567,2024-08-07 10:11:02,172.16.5.153,224.0.0.22,IGMP,60
568,2024-08-07 10:11:02,172.16.213.45,224.0.0.22,IGMP,54
569,2024-08-07 10:11:02,172.16.237.115,224.0.0.22,IGMP,60
583,2024-08-07 10:11:02,172.16.5.153,224.0.0.22,IGMP,60
587,2024-08-07 10:11:02,172.16.220.193,224.0.0.22,IGMP,54
589,2024-08-07 10:11:02,172.16.237.243,224.0.0.22,IGMP,60
590,2024-08-07 10:11:02,172.16.244.42,224.0.0.22,IGMP,60
591,2024-08-07 10:11:02,172.16.224.114,224.0.0.22,IGMP,60
592,2024-08-07 10:11:02,172.16.237.98,224.0.0.22,IGMP,60
611,2024-08-07 10:11:02,172.16.181.51,224.0.0.22,IGMP,60
612,2024-08-07 10:11:02,172.16.236.195,224.0.0.22,IGMP,60
613,2024-08-07 10:11:02,172.16.235.255,224.0.0.22,IGMP,60
631,2024-08-07 10:11:02,172.16.237.96,224.0.0.22,IGMP,60
632,2024-08-07 10:11:02,172.16.237.215,224.0.0.22,IGMP,60
641,2024-08-07 10:11:02,172.16.237.156,224.0.0.22,IGMP,60
642,2024-08-07 10:11:02,172.16.226.193,224.0.0.22,IGMP,60
643,2024-08-07 10:11:02,172.16.231.158,224.0.0.22,IGMP,60
644,2024-08-07 10:11:02,172.16.219.71,224.0.0.22,IGMP,54
645,2024-08-07 10:11:02,172.16.215.25,224.0.0.22,IGMP,54
646,2024-08-07 10:11:02,172.16.236.149,224.0.0.22,IGMP,60
647,2024-08-07 10:11:02,172.16.230.39,224.0.0.22,IGMP,60
648,2024-08-07 10:11:02,172.16.237.249,224.0.0.22,IGMP,60
649,2024-08-07 10:11:02,172.16.237.244,224.0.0.22,IGMP,60
650,2024-08-07 10:11:02,172.16.226.232,224.0.0.22,IGMP,60
651,2024-08-07 10:11:02,172.16.237.238,224.0.0.22,IGMP,60
652,2024-08-07 10:11:02,172.16.230.37,224.0.0.22,IGMP,60
653,2024-08-07 10:11:02,172.16.229.76,224.0.0.22,IGMP,60
654,2024-08-07 10:11:02,172.16.232.130,224.0.0.22,IGMP,60
655,2024-08-07 10:11:02,172.16.237.151,224.0.0.22,IGMP,60
680,2024-08-07 10:11:02,172.16.224.40,224.0.0.251,UDP,261
683,2024-08-07 10:11:02,172.16.223.181,224.0.0.251,UDP,1490
684,2024-08-07 10:11:02,172.16.223.181,224.0.0.251,UDP,1328
685,2024-08-07 10:11:02,172.16.223.181,224.0.0.251,UDP,1463
686,2024-08-07 10:11:02,172.16.223.181,224.0.0.251,UDP,1099
688,2024-08-07 10:11:02,172.16.223.181,224.0.0.251,UDP,183
699,2024-08-07 10:11:02,172.16.236.110,224.0.0.22,IGMP,60
700,2024-08-07 10:11:02,172.16.225.147,224.0.0.22,IGMP,60
701,2024-08-07 10:11:02,172.16.8.45,224.0.0.22,IGMP,60
702,2024-08-07 10:11:02,172.16.9.13,224.0.0.22,IGMP,60
703,2024-08-07 10:11:02,172.16.237.228,224.0.0.22,IGMP,60
704,2024-08-07 10:11:02,172.16.218.176,224.0.0.22,IGMP,60
705,2024-08-07 10:11:02,172.16.236.114,224.0.0.22,IGMP,60
706,2024-08-07 10:11:02,172.16.212.192,224.0.0.22,IGMP,60
707,2024-08-07 10:11:02,172.16.232.193,224.0.0.22,IGMP,60
708,2024-08-07 10:11:02,172.16.12.2,239.255.255.250,IGMP,60
709,2024-08-07 10:11:02,172.16.233.187,224.0.0.22,IGMP,60
710,2024-08-07 10:11:02,172.16.9.1,224.0.0.22,IGMP,60
711,2024-08-07 10:11:02,172.16.221.112,224.0.0.22,IGMP,60
712,2024-08-07 10:11:02,172.16.237.237,224.0.0.22,IGMP,60
713,2024-08-07 10:11:02,172.16.227.201,224.0.0.22,IGMP,60
714,2024-08-07 10:11:02,172.16.196.154,224.0.0.22,IGMP,60
715,2024-08-07 10:11:02,172.16.208.245,224.0.0.22,IGMP,60
716,2024-08-07 10:11:02,172.16.214.239,224.0.0.22,IGMP,60
717,2024-08-07 10:11:02,172.16.233.106,224.0.0.22,IGMP,60
718,2024-08-07 10:11:02,172.16.233.53,224.0.0.22,IGMP,60
719,2024-08-07 10:11:02,172.16.211.192,224.0.0.22,IGMP,60
720,2024-08-07 10:11:02,172.16.211.109,224.0.0.22,IGMP,60
721,2024-08-07 10:11:02,172.16.230.6,224.0.0.22,IGMP,60
722,2024-08-07 10:11:02,172.16.231.211,224.0.0.22,IGMP,60
723,2024-08-07 10:11:02,172.16.235.141,224.0.0.22,IGMP,60
724,2024-08-07 10:11:02,172.16.8.68,224.0.0.22,IGMP,60
725,2024-08-07 10:11:02,172.16.222.17,224.0.0.22,IGMP,60
726,2024-08-07 10:11:02,172.16.8.18,239.255.255.250,IGMP,60
727,2024-08-07 10:11:02,172.16.220.113,224.0.0.22,IGMP,54
728,2024-08-07 10:11:02,172.16.208.184,224.0.0.22,IGMP,60
729,2024-08-07 10:11:02,172.16.226.222,224.0.0.22,IGMP,60
730,2024-08-07 10:11:02,172.16.228.250,224.0.0.22,IGMP,78
731,2024-08-07 10:11:02,172.16.228.250,224.0.0.22,IGMP,60
732,2024-08-07 10:11:02,172.16.231.122,224.0.0.22,IGMP,60
734,2024-08-07 10:11:02,172.16.224.150,224.0.0.22,IGMP,60
735,2024-08-07 10:11:02,172.16.22.8,224.0.0.22,IGMP,60
736,2024-08-07 10:11:02,172.16.232.125,224.0.0.22,IGMP,60
737,2024-08-07 10:11:02,172.16.225.147,224.0.0.22,IGMP,60
738,2024-08-07 10:11:02,172.16.227.250,224.0.0.22,IGMP,60
739,2024-08-07 10:11:02,172.16.236.232,224.0.0.22,IGMP,60
740,2024-08-07 10:11:02,172.16.232.178,224.0.0.22,IGMP,60
741,2024-08-07 10:11:02,172.16.199.166,224.0.0.22,IGMP,60
742,2024-08-07 10:11:02,172.16.225.194,224.0.0.22,IGMP,60
743,2024-08-07 10:11:02,172.16.237.200,224.0.0.22,IGMP,60
744,2024-08-07 10:11:02,172.16.217.188,224.0.0.22,IGMP,54
745,2024-08-07 10:11:02,172.16.227.204,224.0.0.22,IGMP,60
746,2024-08-07 10:11:02,172.16.21.92,224.0.0.22,IGMP,60
747,2024-08-07 10:11:02,172.16.223.12,224.0.0.22,IGMP,60
748,2024-08-07 10:11:02,172.16.238.209,224.0.0.22,IGMP,60
749,2024-08-07 10:11:02,172.16.22.199,224.0.0.22,IGMP,60
750,2024-08-07 10:11:02,172.16.232.156,224.0.0.22,IGMP,60
751,2024-08-07 10:11:02,172.16.231.232,224.0.0.22,IGMP,60
752,2024-08-07 10:11:02,172.16.195.176,224.0.0.22,IGMP,60
753,2024-08-07 10:11:02,172.16.230.23,224.0.0.22,IGMP,60
754,2024-08-07 10:11:02,172.16.225.123,224.0.0.22,IGMP,60
755,2024-08-07 10:11:02,172.16.244.183,224.0.0.22,IGMP,60
756,2024-08-07 10:11:02,172.16.212.228,224.0.0.22,IGMP,60
757,2024-08-07 10:11:02,172.16.229.112,224.0.0.22,IGMP,60
758,2024-08-07 10:11:02,172.16.227.169,224.0.0.22,IGMP,60
759,2024-08-07 10:11:02,172.16.224.147,224.0.0.22,IGMP,60
760,2024-08-07 10:11:02,172.16.227.117,224.0.0.22,IGMP,60
761,2024-08-07 10:11:02,172.16.242.141,224.0.0.22,IGMP,60
762,2024-08-07 10:11:02,172.16.243.171,224.0.0.22,IGMP,60
763,2024-08-07 10:11:02,172.16.222.55,224.0.0.22,IGMP,60
764,2024-08-07 10:11:02,172.16.230.29,224.0.0.22,IGMP,60
779,2024-08-07 10:11:02,172.16.11.110,224.0.0.251,UDP,359
797,2024-08-07 10:11:02,172.16.243.127,224.0.0.251,UDP,87
807,2024-08-07 10:11:02,172.16.221.156,224.0.0.22,IGMP,60
808,2024-08-07 10:11:02,172.16.1.11,224.0.0.22,IGMP,60
809,2024-08-07 10:11:02,172.16.238.229,224.0.0.22,IGMP,60
810,2024-08-07 10:11:02,172.16.216.253,224.0.0.22,IGMP,60
811,2024-08-07 10:11:02,172.16.27.66,224.0.0.22,IGMP,60
812,2024-08-07 10:11:02,172.16.179.205,224.0.0.22,IGMP,60
813,2024-08-07 10:11:02,172.16.238.32,224.0.0.22,IGMP,60
814,2024-08-07 10:11:02,172.16.240.210,224.0.0.22,IGMP,60
815,2024-08-07 10:11:02,172.16.235.121,224.0.0.22,IGMP,60
816,2024-08-07 10:11:02,172.16.219.69,224.0.0.22,IGMP,54
820,2024-08-07 10:11:02,172.16.218.10,224.0.0.22,IGMP,60
821,2024-08-07 10:11:02,172.16.224.252,224.0.0.22,IGMP,60
822,2024-08-07 10:11:02,172.16.212.15,224.0.0.22,IGMP,60
823,2024-08-07 10:11:02,172.16.213.152,224.0.0.22,IGMP,60
824,2024-08-07 10:11:02,172.16.230.118,224.0.0.22,IGMP,60
825,2024-08-07 10:11:02,172.16.229.191,224.0.0.22,IGMP,60
826,2024-08-07 10:11:02,172.16.231.21,224.0.0.22,IGMP,60
827,2024-08-07 10:11:02,172.16.218.15,224.0.0.22,IGMP,60
828,2024-08-07 10:11:02,172.16.244.234,224.0.0.22,IGMP,60
829,2024-08-07 10:11:02,172.16.224.201,224.0.0.22,IGMP,60
830,2024-08-07 10:11:02,172.16.227.246,224.0.0.22,IGMP,60
832,2024-08-07 10:11:02,172.16.224.40,224.0.0.22,IGMP,60
833,2024-08-07 10:11:02,172.16.231.139,224.0.0.22,IGMP,60
834,2024-08-07 10:11:02,172.16.211.206,224.0.0.22,IGMP,60
835,2024-08-07 10:11:02,172.16.230.54,224.0.0.22,IGMP,60
836,2024-08-07 10:11:02,172.16.219.167,224.0.0.22,IGMP,60
837,2024-08-07 10:11:02,172.16.237.45,224.0.0.22,IGMP,60
838,2024-08-07 10:11:02,172.16.232.129,224.0.0.22,IGMP,60
839,2024-08-07 10:11:02,172.16.236.163,224.0.0.22,IGMP,60
840,2024-08-07 10:11:02,172.16.233.154,224.0.0.22,IGMP,60
841,2024-08-07 10:11:02,172.16.201.148,224.0.0.22,IGMP,60
842,2024-08-07 10:11:02,172.16.209.9,224.0.0.22,IGMP,60
850,2024-08-07 10:11:02,172.16.226.71,224.0.0.22,IGMP,60
851,2024-08-07 10:11:02,172.16.232.20,224.0.0.22,IGMP,60
852,2024-08-07 10:11:02,172.16.211.134,224.0.0.22,IGMP,60
853,2024-08-07 10:11:02,172.16.236.192,224.0.0.22,IGMP,60
854,2024-08-07 10:11:02,172.16.210.49,224.0.0.22,IGMP,60
861,2024-08-07 10:11:02,172.16.27.104,224.0.0.22,IGMP,60
862,2024-08-07 10:11:02,172.16.21.22,224.0.0.22,IGMP,60
863,2024-08-07 10:11:02,172.16.237.225,224.0.0.22,IGMP,60
864,2024-08-07 10:11:02,172.16.223.109,224.0.0.22,IGMP,60
865,2024-08-07 10:11:02,172.16.200.255,224.0.0.22,IGMP,60
874,2024-08-07 10:11:02,172.16.233.154,239.255.255.250,UDP,216
882,2024-08-07 10:11:02,172.16.223.23,239.255.255.250,UDP,217
883,2024-08-07 10:11:02,172.16.231.237,239.255.255.250,UDP,216
884,2024-08-07 10:11:02,172.16.189.207,239.255.255.250,UDP,216
885,2024-08-07 10:11:02,172.16.231.232,172.16.255.255,UDP,92
886,2024-08-07 10:11:02,172.16.227.205,224.0.0.22,IGMP,60
887,2024-08-07 10:11:02,172.16.224.1,224.0.0.22,IGMP,60
888,2024-08-07 10:11:02,172.16.209.62,224.0.0.22,IGMP,60
889,2024-08-07 10:11:02,172.16.231.14,224.0.0.22,IGMP,60
890,2024-08-07 10:11:02,172.16.224.119,224.0.0.22,IGMP,60
891,2024-08-07 10:11:02,172.16.212.227,224.0.0.22,IGMP,60
892,2024-08-07 10:11:02,172.16.208.229,224.0.0.22,IGMP,54
895,2024-08-07 10:11:02,172.16.234.141,224.0.0.22,IGMP,60
896,2024-08-07 10:11:02,172.16.233.14,224.0.0.22,IGMP,60
897,2024-08-07 10:11:02,172.16.227.133,224.0.0.22,IGMP,60
898,2024-08-07 10:11:02,172.16.224.104,224.0.0.22,IGMP,60
899,2024-08-07 10:11:02,172.16.179.63,224.0.0.22,IGMP,60
900,2024-08-07 10:11:02,172.16.201.208,224.0.0.22,IGMP,60
901,2024-08-07 10:11:02,172.16.222.34,224.0.0.22,IGMP,60
902,2024-08-07 10:11:02,172.16.212.223,224.0.0.22,IGMP,60
903,2024-08-07 10:11:02,172.16.212.146,224.0.0.22,IGMP,60
904,2024-08-07 10:11:02,172.16.232.101,224.0.0.22,IGMP,60
913,2024-08-07 10:11:02,172.16.227.45,224.0.0.22,IGMP,60
914,2024-08-07 10:11:02,172.16.208.182,224.0.0.22,IGMP,60
915,2024-08-07 10:11:02,172.16.223.77,224.0.0.22,IGMP,60
916,2024-08-07 10:11:02,172.16.226.16,224.0.0.22,IGMP,60
917,2024-08-07 10:11:02,172.16.218.84,224.0.0.22,IGMP,60
918,2024-08-07 10:11:02,172.16.226.28,224.0.0.22,IGMP,60
919,2024-08-07 10:11:02,172.16.212.224,224.0.0.22,IGMP,60
920,2024-08-07 10:11:02,172.16.219.252,224.0.0.22,IGMP,60
921,2024-08-07 10:11:02,172.16.189.207,224.0.0.22,IGMP,60
922,2024-08-07 10:11:02,172.16.209.116,224.0.0.22,IGMP,60
923,2024-08-07 10:11:02,172.16.218.138,224.0.0.22,IGMP,60
924,2024-08-07 10:11:02,172.16.21.213,224.0.0.22,IGMP,60
925,2024-08-07 10:11:02,172.16.222.27,224.0.0.22,IGMP,60
926,2024-08-07 10:11:02,172.16.223.73,224.0.0.22,IGMP,60
927,2024-08-07 10:11:02,172.16.227.118,224.0.0.22,IGMP,60
928,2024-08-07 10:11:02,172.16.227.92,224.0.0.22,IGMP,60
929,2024-08-07 10:11:02,172.16.238.31,224.0.0.22,IGMP,60
930,2024-08-07 10:11:02,172.16.218.50,224.0.0.22,IGMP,54
931,2024-08-07 10:11:02,172.16.240.191,224.0.0.22,IGMP,60
932,2024-08-07 10:11:02,172.16.225.79,224.0.0.22,IGMP,60
933,2024-08-07 10:11:02,172.16.242.16,224.0.0.22,IGMP,60
934,2024-08-07 10:11:02,172.16.224.56,224.0.0.22,IGMP,60
935,2024-08-07 10:11:02,172.16.199.242,224.0.0.22,IGMP,60
936,2024-08-07 10:11:02,172.16.22.38,224.0.0.22,IGMP,60
937,2024-08-07 10:11:02,172.16.5.153,224.0.0.22,IGMP,60
938,2024-08-07 10:11:02,172.16.27.116,224.0.0.22,IGMP,60
939,2024-08-07 10:11:02,172.16.220.17,224.0.0.22,IGMP,60
940,2024-08-07 10:11:02,172.16.241.179,224.0.0.22,IGMP,60
941,2024-08-07 10:11:02,172.16.205.25,224.0.0.22,IGMP,60
942,2024-08-07 10:11:02,172.16.229.35,224.0.0.22,IGMP,60
943,2024-08-07 10:11:02,172.16.223.23,224.0.0.22,IGMP,60
944,2024-08-07 10:11:02,172.16.236.207,224.0.0.22,IGMP,60
945,2024-08-07 10:11:02,172.16.229.176,224.0.0.22,IGMP,60
946,2024-08-07 10:11:02,172.16.222.236,224.0.0.22,IGMP,60
947,2024-08-07 10:11:02,172.16.230.213,224.0.0.22,IGMP,60
948,2024-08-07 10:11:02,172.16.31.107,224.0.0.22,IGMP,60
949,2024-08-07 10:11:02,172.16.221.72,224.0.0.22,IGMP,60
950,2024-08-07 10:11:02,172.16.22.138,224.0.0.22,IGMP,60
951,2024-08-07 10:11:02,172.16.227.115,224.0.0.22,IGMP,60
952,2024-08-07 10:11:02,172.16.224.238,224.0.0.22,IGMP,60
953,2024-08-07 10:11:02,172.16.228.227,224.0.0.22,IGMP,60
954,2024-08-07 10:11:02,172.16.6.1,224.0.0.22,IGMP,60
955,2024-08-07 10:11:02,172.16.246.74,224.0.0.22,IGMP,60
956,2024-08-07 10:11:02,172.16.219.187,224.0.0.22,IGMP,54
957,2024-08-07 10:11:02,172.16.235.131,224.0.0.22,IGMP,60
958,2024-08-07 10:11:02,172.16.223.228,224.0.0.22,IGMP,60
959,2024-08-07 10:11:02,172.16.226.111,224.0.0.22,IGMP,60
960,2024-08-07 10:11:02,172.16.230.56,224.0.0.22,IGMP,60
961,2024-08-07 10:11:02,172.16.235.80,224.0.0.22,IGMP,60
963,2024-08-07 10:11:02,172.16.219.59,224.0.0.22,IGMP,60
964,2024-08-07 10:11:02,172.16.221.9,224.0.0.22,IGMP,60
965,2024-08-07 10:11:02,172.16.231.237,224.0.0.22,IGMP,60
966,2024-08-07 10:11:02,172.16.235.204,224.0.0.22,IGMP,60
967,2024-08-07 10:11:02,172.16.232.221,224.0.0.22,IGMP,60
968,2024-08-07 10:11:02,172.16.179.142,224.0.0.22,IGMP,60
969,2024-08-07 10:11:02,172.16.211.220,224.0.0.22,IGMP,60
970,2024-08-07 10:11:02,172.16.205.116,224.0.0.22,IGMP,60
971,2024-08-07 10:11:02,172.16.218.192,224.0.0.22,IGMP,60
972,2024-08-07 10:11:02,172.16.223.63,224.0.0.22,IGMP,60
973,2024-08-07 10:11:02,172.16.223.17,224.0.0.22,IGMP,60
974,2024-08-07 10:11:02,172.16.235.145,224.0.0.22,IGMP,60
975,2024-08-07 10:11:02,172.16.237.254,224.0.0.22,IGMP,60
976,2024-08-07 10:11:02,172.16.211.193,224.0.0.22,IGMP,60
977,2024-08-07 10:11:02,172.16.233.85,224.0.0.22,IGMP,60
978,2024-08-07 10:11:02,172.16.218.126,224.0.0.22,IGMP,60
979,2024-08-07 10:11:02,172.16.186.61,224.0.0.22,IGMP,60
980,2024-08-07 10:11:02,172.16.211.121,224.0.0.22,IGMP,60
981,2024-08-07 10:11:02,172.16.242.195,224.0.0.22,IGMP,60
982,2024-08-07 10:11:02,172.16.234.47,224.0.0.22,IGMP,60
983,2024-08-07 10:11:02,172.16.183.144,224.0.0.22,IGMP,60
994,2024-08-07 10:11:02,172.16.231.118,224.0.0.251,UDP,75
1016,2024-08-07 10:11:02,172.16.225.147,224.0.0.22,IGMP,60
1017,2024-08-07 10:11:02,172.16.226.72,224.0.0.22,IGMP,60
1033,2024-08-07 10:11:02,172.16.223.181,224.0.0.251,UDP,183
1037,2024-08-07 10:11:02,172.16.225.147,224.0.0.251,UDP,152
1039,2024-08-07 10:11:02,172.16.221.9,224.0.0.251,UDP,96
1040,2024-08-07 10:11:02,172.16.225.147,224.0.0.251,UDP,152
1042,2024-08-07 10:11:02,172.16.225.93,224.0.0.22,IGMP,60
1043,2024-08-07 10:11:02,172.16.224.47,224.0.0.22,IGMP,60
1044,2024-08-07 10:11:02,172.16.218.198,224.0.0.22,IGMP,60
1045,2024-08-07 10:11:02,172.16.229.163,224.0.0.22,IGMP,60
1046,2024-08-07 10:11:02,172.16.224.239,224.0.0.22,IGMP,60
1047,2024-08-07 10:11:02,172.16.222.4,224.0.0.22,IGMP,60
1048,2024-08-07 10:11:02,172.16.176.50,224.0.0.22,IGMP,60
1049,2024-08-07 10:11:02,172.16.240.77,224.0.0.22,IGMP,60
1050,2024-08-07 10:11:02,172.16.26.252,224.0.0.22,IGMP,60
1051,2024-08-07 10:11:02,172.16.230.250,224.0.0.22,IGMP,60
1052,2024-08-07 10:11:02,172.16.179.214,224.0.0.22,IGMP,60
1053,2024-08-07 10:11:02,172.16.228.102,224.0.0.22,IGMP,60
1054,2024-08-07 10:11:02,172.16.21.160,224.0.0.22,IGMP,60
1055,2024-08-07 10:11:02,172.16.220.78,224.0.0.22,IGMP,60
1056,2024-08-07 10:11:02,172.16.228.111,224.0.0.22,IGMP,60
1057,2024-08-07 10:11:02,172.16.225.68,224.0.0.22,IGMP,60
1058,2024-08-07 10:11:02,172.16.23.54,224.0.0.22,IGMP,60
1059,2024-08-07 10:11:02,172.16.223.157,224.0.0.22,IGMP,60
1060,2024-08-07 10:11:02,172.16.232.55,224.0.0.22,IGMP,60
1061,2024-08-07 10:11:02,172.16.223.26,224.0.0.22,IGMP,60
1062,2024-08-07 10:11:02,172.16.228.241,224.0.0.22,IGMP,60
1063,2024-08-07 10:11:02,172.16.231.137,224.0.0.22,IGMP,60
1064,2024-08-07 10:11:02,172.16.226.197,224.0.0.22,IGMP,60
1065,2024-08-07 10:11:02,172.16.232.38,224.0.0.22,IGMP,60
1066,2024-08-07 10:11:02,172.16.224.221,224.0.0.22,IGMP,60
1067,2024-08-07 10:11:02,172.16.246.4,224.0.0.22,IGMP,60
1068,2024-08-07 10:11:02,172.16.221.145,224.0.0.22,IGMP,60
1069,2024-08-07 10:11:02,172.16.236.110,224.0.0.22,IGMP,60
1070,2024-08-07 10:11:02,172.16.226.24,224.0.0.22,IGMP,60
1071,2024-08-07 10:11:02,172.16.224.186,224.0.0.22,IGMP,60
1072,2024-08-07 10:11:02,172.16.12.2,239.255.255.250,IGMP,60
1073,2024-08-07 10:11:02,172.16.225.140,224.0.0.22,IGMP,60
1074,2024-08-07 10:11:02,172.16.215.196,224.0.0.22,IGMP,60
1075,2024-08-07 10:11:02,172.16.223.38,224.0.0.22,IGMP,60
1076,2024-08-07 10:11:02,172.16.229.155,224.0.0.22,IGMP,60
1077,2024-08-07 10:11:02,172.16.223.142,224.0.0.22,IGMP,60
1078,2024-08-07 10:11:02,172.16.234.240,224.0.0.22,IGMP,60
1079,2024-08-07 10:11:02,172.16.225.147,224.0.0.22,IGMP,60
1080,2024-08-07 10:11:02,172.16.9.124,224.0.0.22,IGMP,60
1081,2024-08-07 10:11:02,172.16.9.110,224.0.0.22,IGMP,60
1082,2024-08-07 10:11:02,172.16.8.14,224.0.0.22,IGMP,60
1083,2024-08-07 10:11:02,172.16.9.14,224.0.0.22,IGMP,60
1084,2024-08-07 10:11:02,172.16.244.252,224.0.0.22,IGMP,60
1085,2024-08-07 10:11:02,172.16.223.208,224.0.0.22,IGMP,60
1086,2024-08-07 10:11:02,172.16.222.225,224.0.0.22,IGMP,60
1087,2024-08-07 10:11:02,172.16.236.68,224.0.0.22,IGMP,60
1088,2024-08-07 10:11:02,172.16.21.73,224.0.0.22,IGMP,60
1089,2024-08-07 10:11:02,172.16.230.131,224.0.0.22,IGMP,60
1090,2024-08-07 10:11:02,172.16.8.80,224.0.0.22,IGMP,60
1091,2024-08-07 10:11:02,172.16.8.16,239.255.255.250,IGMP,60
1092,2024-08-07 10:11:02,172.16.235.249,224.0.0.22,IGMP,60
1093,2024-08-07 10:11:02,172.16.212.149,224.0.0.22,IGMP,60
1094,2024-08-07 10:11:02,172.16.231.88,224.0.0.22,IGMP,60
1095,2024-08-07 10:11:02,172.16.211.202,224.0.0.22,IGMP,60
1096,2024-08-07 10:11:02,172.16.211.158,224.0.0.22,IGMP,60
1097,2024-08-07 10:11:02,172.16.213.165,224.0.0.22,IGMP,60
1098,2024-08-07 10:11:02,172.16.230.8,224.0.0.22,IGMP,60
1099,2024-08-07 10:11:02,172.16.226.110,224.0.0.22,IGMP,60
1100,2024-08-07 10:11:02,172.16.8.40,224.0.0.22,IGMP,60
1101,2024-08-07 10:11:03,172.16.234.139,224.0.0.22,IGMP,60
1121,2024-08-07 10:11:03,172.16.221.194,224.0.0.251,UDP,339
1158,2024-08-07 10:11:03,172.16.229.197,224.0.0.22,IGMP,60
1159,2024-08-07 10:11:03,172.16.238.125,224.0.0.22,IGMP,60
1160,2024-08-07 10:11:03,172.16.231.100,224.0.0.22,IGMP,60
1161,2024-08-07 10:11:03,172.16.220.106,224.0.0.22,IGMP,60
1162,2024-08-07 10:11:03,172.16.30.228,224.0.0.22,IGMP,60
1163,2024-08-07 10:11:03,172.16.223.87,224.0.0.22,IGMP,60
1164,2024-08-07 10:11:03,172.16.215.179,224.0.0.22,IGMP,54
1165,2024-08-07 10:11:03,172.16.224.169,224.0.0.22,IGMP,60
1166,2024-08-07 10:11:03,172.16.227.244,224.0.0.22,IGMP,60
1167,2024-08-07 10:11:03,172.16.26.233,224.0.0.22,IGMP,60
1168,2024-08-07 10:11:03,172.16.225.202,224.0.0.22,IGMP,60
1169,2024-08-07 10:11:03,172.16.231.75,224.0.0.22,IGMP,60
1170,2024-08-07 10:11:03,172.16.231.241,224.0.0.22,IGMP,60
1171,2024-08-07 10:11:03,172.16.228.191,224.0.0.22,IGMP,60
1172,2024-08-07 10:11:03,172.16.232.200,224.0.0.22,IGMP,60
1173,2024-08-07 10:11:03,172.16.229.54,224.0.0.22,IGMP,60
1174,2024-08-07 10:11:03,172.16.1.2,224.0.0.22,IGMP,60
1175,2024-08-07 10:11:03,172.16.243.59,224.0.0.22,IGMP,60
1176,2024-08-07 10:11:03,172.16.215.85,224.0.0.22,IGMP,60
1177,2024-08-07 10:11:03,172.16.227.180,224.0.0.22,IGMP,60
1178,2024-08-07 10:11:03,172.16.229.78,224.0.0.22,IGMP,60
1179,2024-08-07 10:11:03,172.16.236.119,224.0.0.22,IGMP,60
1180,2024-08-07 10:11:03,172.16.239.37,224.0.0.22,IGMP,60
1181,2024-08-07 10:11:03,172.16.232.173,224.0.0.22,IGMP,60
1182,2024-08-07 10:11:03,172.16.237.69,224.0.0.22,IGMP,60
1183,2024-08-07 10:11:03,172.16.236.151,224.0.0.22,IGMP,60
1184,2024-08-07 10:11:03,172.16.21.189,224.0.0.22,IGMP,60
1185,2024-08-07 10:11:03,172.16.228.56,224.0.0.22,IGMP,60
1186,2024-08-07 10:11:03,172.16.215.198,224.0.0.22,IGMP,60
1187,2024-08-07 10:11:03,172.16.21.190,224.0.0.22,IGMP,60
1188,2024-08-07 10:11:03,172.16.228.11,224.0.0.22,IGMP,60
1189,2024-08-07 10:11:03,172.16.221.6,224.0.0.22,IGMP,60
1190,2024-08-07 10:11:03,172.16.224.57,224.0.0.22,IGMP,60
1191,2024-08-07 10:11:03,172.16.230.30,224.0.0.22,IGMP,60
1192,2024-08-07 10:11:03,172.16.237.248,224.0.0.22,IGMP,60
1193,2024-08-07 10:11:03,172.16.219.200,224.0.0.22,IGMP,60
1194,2024-08-07 10:11:03,172.16.241.91,224.0.0.22,IGMP,60
1195,2024-08-07 10:11:03,172.16.240.156,224.0.0.22,IGMP,60
1196,2024-08-07 10:11:03,172.16.236.181,224.0.0.22,IGMP,60
